{"files":["sayna-space-travel.local_wpvivid-64adcc7f693d5_2023-07-11-21-41_backup_db.sql"],"tables":[{"name":"wp_gla_attribute_mapping_rules","size":16384,"rows":"0"},{"name":"wp_gla_merchant_issues","size":16384,"rows":"0"},{"name":"wp_mailpoet_automation_triggers","size":16384,"rows":"0"},{"name":"wp_mailpoet_automations","size":16384,"rows":"0"},{"name":"wp_mailpoet_forms","size":16384,"rows":"0"},{"name":"wp_mailpoet_log","size":16384,"rows":"0"},{"name":"wp_mailpoet_statistics_bounces","size":16384,"rows":"0"},{"name":"wp_wc_category_lookup","size":16384,"rows":"0"},{"name":"wp_wc_reserved_stock","size":16384,"rows":"0"},{"name":"wp_woocommerce_shipping_zone_methods","size":16384,"rows":"0"},{"name":"wp_woocommerce_shipping_zones","size":16384,"rows":"0"},{"name":"wp_wpforms_tasks_meta","size":16384,"rows":"2"},{"name":"wp_actionscheduler_claims","size":32768,"rows":"0"},{"name":"wp_actionscheduler_groups","size":32768,"rows":"6"},{"name":"wp_e_events","size":32768,"rows":"11"},{"name":"wp_gla_shipping_times","size":32768,"rows":"0"},{"name":"wp_links","size":32768,"rows":"0"},{"name":"wp_mailpoet_automation_run_logs","size":32768,"rows":"0"},{"name":"wp_mailpoet_automation_runs","size":32768,"rows":"0"},{"name":"wp_mailpoet_automation_versions","size":32768,"rows":"0"},{"name":"wp_mailpoet_custom_fields","size":32768,"rows":"0"},{"name":"wp_mailpoet_dynamic_segment_filters","size":32768,"rows":"0"},{"name":"wp_mailpoet_feature_flags","size":32768,"rows":"0"},{"name":"wp_mailpoet_migrations","size":32768,"rows":"13"},{"name":"wp_mailpoet_newsletter_option","size":32768,"rows":"0"},{"name":"wp_mailpoet_newsletter_option_fields","size":32768,"rows":"28"},{"name":"wp_mailpoet_newsletter_posts","size":32768,"rows":"0"},{"name":"wp_mailpoet_newsletter_segment","size":32768,"rows":"0"},{"name":"wp_mailpoet_scheduled_task_subscribers","size":32768,"rows":"0"},{"name":"wp_mailpoet_settings","size":32768,"rows":"16"},{"name":"wp_mailpoet_statistics_forms","size":32768,"rows":"0"},{"name":"wp_mailpoet_subscriber_custom_field","size":32768,"rows":"0"},{"name":"wp_mailpoet_subscriber_ips","size":32768,"rows":"0"},{"name":"wp_mailpoet_tags","size":32768,"rows":"0"},{"name":"wp_mailpoet_user_agents","size":32768,"rows":"0"},{"name":"wp_mailpoet_user_flags","size":32768,"rows":"0"},{"name":"wp_term_relationships","size":32768,"rows":"32"},{"name":"wp_wc_product_attributes_lookup","size":32768,"rows":"0"},{"name":"wp_wc_product_download_directories","size":32768,"rows":"2"},{"name":"wp_wc_rate_limits","size":32768,"rows":"0"},{"name":"wp_wc_tax_rate_classes","size":32768,"rows":"2"},{"name":"wp_wc_webhooks","size":32768,"rows":"0"},{"name":"wp_woocommerce_attribute_taxonomies","size":32768,"rows":"0"},{"name":"wp_woocommerce_log","size":32768,"rows":"0"},{"name":"wp_woocommerce_order_items","size":32768,"rows":"0"},{"name":"wp_woocommerce_payment_tokens","size":32768,"rows":"0"},{"name":"wp_woocommerce_sessions","size":32768,"rows":"0"},{"name":"wp_commentmeta","size":49152,"rows":"0"},{"name":"wp_gla_shipping_rates","size":49152,"rows":"0"},{"name":"wp_mailpoet_automation_run_subjects","size":49152,"rows":"0"},{"name":"wp_mailpoet_newsletters","size":49152,"rows":"0"},{"name":"wp_mailpoet_scheduled_tasks","size":49152,"rows":"14"},{"name":"wp_mailpoet_segments","size":49152,"rows":"2"},{"name":"wp_mailpoet_sending_queues","size":49152,"rows":"0"},{"name":"wp_mailpoet_statistics_newsletters","size":49152,"rows":"0"},{"name":"wp_mailpoet_stats_notifications","size":49152,"rows":"0"},{"name":"wp_mailpoet_subscriber_segment","size":49152,"rows":"0"},{"name":"wp_mailpoet_subscriber_tag","size":49152,"rows":"0"},{"name":"wp_term_taxonomy","size":49152,"rows":"31"},{"name":"wp_termmeta","size":49152,"rows":"7"},{"name":"wp_terms","size":49152,"rows":"31"},{"name":"wp_usermeta","size":49152,"rows":"49"},{"name":"wp_wc_customer_lookup","size":49152,"rows":"0"},{"name":"wp_wc_download_log","size":49152,"rows":"0"},{"name":"wp_wc_order_coupon_lookup","size":49152,"rows":"0"},{"name":"wp_wc_order_tax_lookup","size":49152,"rows":"0"},{"name":"wp_woocommerce_api_keys","size":49152,"rows":"0"},{"name":"wp_woocommerce_order_itemmeta","size":49152,"rows":"0"},{"name":"wp_woocommerce_payment_tokenmeta","size":49152,"rows":"0"},{"name":"wp_woocommerce_shipping_zone_locations","size":49152,"rows":"0"},{"name":"wp_woocommerce_tax_rate_locations","size":49152,"rows":"0"},{"name":"wp_mailpoet_newsletter_links","size":65536,"rows":"0"},{"name":"wp_mailpoet_statistics_clicks","size":65536,"rows":"0"},{"name":"wp_mailpoet_statistics_unsubscribes","size":65536,"rows":"0"},{"name":"wp_users","size":65536,"rows":"0"},{"name":"wp_wc_admin_note_actions","size":65536,"rows":"91"},{"name":"wp_wc_admin_notes","size":65536,"rows":"64"},{"name":"wp_wc_order_stats","size":65536,"rows":"0"},{"name":"wp_wpforms_payment_meta","size":65536,"rows":"0"},{"name":"wp_mailpoet_statistics_woocommerce_purchases","size":81920,"rows":"0"},{"name":"wp_wc_order_product_lookup","size":81920,"rows":"0"},{"name":"wp_woocommerce_downloadable_product_permissions","size":81920,"rows":"0"},{"name":"wp_woocommerce_tax_rates","size":81920,"rows":"0"},{"name":"wp_actionscheduler_logs","size":98304,"rows":"383"},{"name":"wp_comments","size":98304,"rows":"0"},{"name":"wp_mailpoet_statistics_opens","size":98304,"rows":"0"},{"name":"wp_wc_product_meta_lookup","size":114688,"rows":"9"},{"name":"wp_wpforms_payments","size":163840,"rows":"0"},{"name":"wp_actionscheduler_actions","size":196608,"rows":"133"},{"name":"wp_mailpoet_subscribers","size":262144,"rows":"1"},{"name":"wp_gla_budget_recommendations","size":360448,"rows":"4230"},{"name":"wp_postmeta","size":1310720,"rows":"1015"},{"name":"wp_mailpoet_newsletter_templates","size":2637824,"rows":"69"},{"name":"wp_options","size":4292608,"rows":"511"},{"name":"wp_posts","size":5357568,"rows":"201"}],"dump_db":1,"file_type":"databases","home_url":"http:\/\/sayna-space-travel.local","root_flag":"custom","php_version":"8.1.9","mysql_version":"8.0.16","wp_version":"6.2.2","file":"sayna-space-travel.local_wpvivid-64adcc7f693d5_2023-07-11-21-41_backup_db.part001.zip"}